{
 "dps": {
  "w2": 3.73574548561064,
  "floor": 0.12643793382704083,
  "ratio": 29.54608140560811,
  "gamma_star": 1.3272666734223515,
  "mode": "archive",
  "sampler": "dps",
  "shift": 1.0,
  "b": 0.01913939235267643,
  "eps": 0.0,
  "n": 64,
  "N": 256,
  "T": 64,
  "batches": 16,
  "seed0": 0,
  "y_seed": 999,
  "s_obs": 0.5,
  "ess_final_mean": 256.0
 },
 "dps_em03": {
  "w2": 2.879740494716673,
  "floor": 0.12643793382704083,
  "ratio": 22.77592181042738,
  "gamma_star": 0.9828297216745754,
  "mode": "archive",
  "sampler": "dps",
  "shift": 1.0,
  "b": 0.01913939235267643,
  "eps": -0.3,
  "n": 64,
  "N": 256,
  "T": 64,
  "batches": 16,
  "seed0": 0,
  "y_seed": 999,
  "s_obs": 0.5,
  "ess_final_mean": 256.0
 },
 "dps_ep03": {
  "w2": 5.949783093528755,
  "floor": 0.12643793382704083,
  "ratio": 47.05694654634016,
  "gamma_star": 1.8547331740522035,
  "mode": "archive",
  "sampler": "dps",
  "shift": 1.0,
  "b": 0.01913939235267643,
  "eps": 0.3,
  "n": 64,
  "N": 256,
  "T": 64,
  "batches": 16,
  "seed0": 0,
  "y_seed": 999,
  "s_obs": 0.5,
  "ess_final_mean": 256.0
 },
 "dps_s05": {
  "w2": 3.561144211972076,
  "floor": 0.1789467554057882,
  "ratio": 19.90057994567521,
  "gamma_star": 1.375878082892962,
  "mode": "archive",
  "sampler": "dps",
  "shift": 0.5,
  "b": 0.08070976960365601,
  "eps": 0.0,
  "n": 64,
  "N": 256,
  "T": 64,
  "batches": 16,
  "seed0": 0,
  "y_seed": 999,
  "s_obs": 0.5,
  "ess_final_mean": 256.0
 },
 "dps_s2": {
  "w2": 4.844172098933792,
  "floor": 0.09084086589768875,
  "ratio": 53.325912859413215,
  "gamma_star": 1.3253324776967925,
  "mode": "archive",
  "sampler": "dps",
  "shift": 2.0,
  "b": 0.0049335373105004144,
  "eps": 0.0,
  "n": 64,
  "N": 256,
  "T": 64,
  "batches": 16,
  "seed0": 0,
  "y_seed": 999,
  "s_obs": 0.5,
  "ess_final_mean": 256.0
 },
 "oracle_null": {
  "w2": 0.12776703838666942,
  "floor": 0.12643793382704083,
  "ratio": 1.010511912994772,
  "gamma_star": 0.9999087559686516,
  "mode": "archive",
  "sampler": "oracle",
  "shift": 1.0,
  "b": 0.01913939235267643,
  "eps": 0.0,
  "n": 64,
  "N": 256,
  "T": 64,
  "batches": 16,
  "seed0": 0,
  "y_seed": 999,
  "s_obs": 0.5,
  "ess_final_mean": 256.0
 },
 "oracle_ref": {
  "w2": 0.12716179299549388,
  "floor": 0.12643793382704083,
  "ratio": 1.0057250157966298,
  "gamma_star": 0.9998991042478416,
  "mode": "archive",
  "sampler": "oracle",
  "shift": 1.0,
  "b": 0.01913939235267643,
  "eps": 0.0,
  "n": 64,
  "N": 256,
  "T": 64,
  "batches": 16,
  "seed0": 1600,
  "y_seed": 999,
  "s_obs": 0.5,
  "ess_final_mean": 256.0
 },
 "sap": {
  "w2": 20.13552327841763,
  "floor": 0.12643793382704083,
  "ratio": 159.25223284621026,
  "gamma_star": 0.02554829494619527,
  "mode": "archive",
  "sampler": "sap",
  "shift": 1.0,
  "b": 0.01913939235267643,
  "eps": 0.0,
  "n": 64,
  "N": 256,
  "T": 64,
  "batches": 16,
  "seed0": 0,
  "y_seed": 999,
  "s_obs": 0.5,
  "ess_final_mean": 256.0
 },
 "twisted": {
  "w2": 0.12616944741453087,
  "floor": 0.12643793382704083,
  "ratio": 0.9978765359067222,
  "gamma_star": 0.9996880198583057,
  "mode": "archive",
  "sampler": "twisted",
  "shift": 1.0,
  "b": 0.01913939235267643,
  "eps": 0.0,
  "n": 64,
  "N": 256,
  "T": 64,
  "batches": 16,
  "seed0": 0,
  "y_seed": 999,
  "s_obs": 0.5,
  "ess_final_mean": 255.98528253604195
 },
 "twisted_em03": {
  "w2": 2.1779597027970152,
  "floor": 0.12643793382704083,
  "ratio": 17.225524309629478,
  "gamma_star": 0.757899632874264,
  "mode": "archive",
  "sampler": "twisted",
  "shift": 1.0,
  "b": 0.01913939235267643,
  "eps": -0.3,
  "n": 64,
  "N": 256,
  "T": 64,
  "batches": 16,
  "seed0": 0,
  "y_seed": 999,
  "s_obs": 0.5,
  "ess_final_mean": 255.98460980142198
 }
}