{
 "imq_paper_N256": {
  "mean": 1.7506843014662663,
  "sd": 0.0043594299247144835,
  "q95": 1.758964590047177,
  "h_or_c": 0.780662495082397
 },
 "imq_c1_N256": {
  "mean": 1.5459672308083563,
  "sd": 0.004616415852358111,
  "q95": 1.5546519358888897,
  "h_or_c": 1.0
 },
 "rbf_med_N256": {
  "mean": 1.5436629384806144,
  "sd": 0.023843492236474226,
  "q95": 1.5863853910521635,
  "h_or_c": 9.401723255172072
 },
 "imq_paper_N1024": {
  "mean": 0.8754221631475331,
  "sd": 0.0018313888204845616,
  "q95": 0.8781455068751738,
  "h_or_c": 0.780662495082397
 },
 "imq_c1_N1024": {
  "mean": 0.7730616751455706,
  "sd": 0.0020066584631748237,
  "q95": 0.776122015342678,
  "h_or_c": 1.0
 },
 "rbf_med_N1024": {
  "mean": 0.7720800384676785,
  "sd": 0.01090270083496345,
  "q95": 0.7884682574388363,
  "h_or_c": 9.406879434002589
 }
}